<?xml version="1.0" encoding="UTF-8"?>
<!DOCTYPE hibernate-configuration PUBLIC
        "-//Hibernate/Hibernate Configuration DTD 3.0//EN"
        "http://www.hibernate.org/dtd/hibernate-configuration-3.0.dtd">
<hibernate-configuration>
    <!-- not used, only as a demo -->
    <session-factory>
        <!-- Database connection settings -->

        <property name = "hibernate.connection.driver_class">org.h2.Driver</property>
        <property name = "hibernate.dialect">org.hibernate.dialect.H2Dialect</property>
        <property name = "hibernate.connection.url">jdbc:h2:./data/employee</property>
        <property name = "hibernate.connection.username">root</property>
        <property name = "hibernate.connection.password"></property>

        <property name="hbm2ddl.auto">create</property>

        <mapping class="Film"/>
    </session-factory>
</hibernate-configuration>